EXPD_FLAG_06A,Piracy Flag,decoration,Structural Adornments,FLAGPOLE6.SCENE.MBIN,MODELS/PLANETS/BIOMES/COMMON/BUILDINGS/PARTS/BUILDABLEPARTS/DECORATION/FLAGPOLE6.SCENE.MBIN
EXPD_FLAG_06B,Unity Flag,decoration,Structural Adornments,FLAGPOLE6.SCENE.MBIN,MODELS/PLANETS/BIOMES/COMMON/BUILDINGS/PARTS/BUILDABLEPARTS/DECORATION/FLAGPOLE6.SCENE.MBIN
EXPD_FLAG_06C,Heraldry Flag,decoration,Structural Adornments,FLAGPOLE6.SCENE.MBIN,MODELS/PLANETS/BIOMES/COMMON/BUILDINGS/PARTS/BUILDABLEPARTS/DECORATION/FLAGPOLE6.SCENE.MBIN
EXPD_FLAG_06D,Orbital Flag,decoration,Structural Adornments,FLAGPOLE6.SCENE.MBIN,MODELS/PLANETS/BIOMES/COMMON/BUILDINGS/PARTS/BUILDABLEPARTS/DECORATION/FLAGPOLE6.SCENE.MBIN
EXPD_FLAG_06E,Viridian Flag,decoration,Structural Adornments,FLAGPOLE6.SCENE.MBIN,MODELS/PLANETS/BIOMES/COMMON/BUILDINGS/PARTS/BUILDABLEPARTS/DECORATION/FLAGPOLE6.SCENE.MBIN
BLD_SKULL,Titanic Trophy,decoration,Structural Adornments,EXPEDITIONREWARDSKULL04.SCENE.MBIN,MODELS/PLANETS/BIOMES/COMMON/BUILDINGS/PARTS/BUILDABLEPARTS/DECORATION/EXPEDITIONREWARDSKULL04.SCENE.MBIN
BLD_EXPD_BASE01,Pioneer's Expedition Flag,decoration,Structural Adornments,EXPEDITIONREWARDFLAG01.SCENE.MBIN,MODELS/PLANETS/BIOMES/COMMON/BUILDINGS/PARTS/BUILDABLEPARTS/DECORATION/EXPEDITIONREWARDFLAG01.SCENE.MBIN
BASE_BUBPIPE,Bubble Duct,decoration,Structural Adornments,PIPESNAPSHAPEBUBBLE.SCENE.MBIN,MODELS/PLANETS/BIOMES/COMMON/BUILDINGS/PARTS/BUILDABLEPARTS/PIPESNAPSHAPEBUBBLE.SCENE.MBIN
PIPE,Pipe,decoration,Structural Adornments,PIPE.SCENE.MBIN,MODELS/PLANETS/BIOMES/COMMON/BUILDINGS/PARTS/BUILDABLEPARTS/PIPE.SCENE.MBIN
BASE_CAVE5,Fingery Deposit,exotic_decorations,Decorative Plants,STALAGMITES.SCENE.MBIN,MODELS/PLANETS/BIOMES/COMMON/BUILDINGS/PARTS/BUILDABLEPARTS/FOLIAGE/STALAGMITES.SCENE.MBIN
BASE_CAVE3,Troglotulip,exotic_decorations,Decorative Plants,SMALLGLOWPLANT.SCENE.MBIN,MODELS/PLANETS/BIOMES/COMMON/BUILDINGS/PARTS/BUILDABLEPARTS/FOLIAGE/SMALLGLOWPLANT.SCENE.MBIN
BASE_GRASS7,Antler Grass,exotic_decorations,Decorative Plants,SCRUBGRASS07.SCENE.MBIN,MODELS/PLANETS/BIOMES/COMMON/BUILDINGS/PARTS/BUILDABLEPARTS/FOLIAGE/SCRUBGRASS07.SCENE.MBIN
BASE_GRASS6,Cloven Paw Grass,exotic_decorations,Decorative Plants,SCRUBGRASS06.SCENE.MBIN,MODELS/PLANETS/BIOMES/COMMON/BUILDINGS/PARTS/BUILDABLEPARTS/FOLIAGE/SCRUBGRASS06.SCENE.MBIN
BASE_GRASS5,Ribbon Grass,exotic_decorations,Decorative Plants,SCRUBGRASS05.SCENE.MBIN,MODELS/PLANETS/BIOMES/COMMON/BUILDINGS/PARTS/BUILDABLEPARTS/FOLIAGE/SCRUBGRASS05.SCENE.MBIN
BASE_GRASS4,Looping Grass,exotic_decorations,Decorative Plants,SCRUBGRASS04.SCENE.MBIN,MODELS/PLANETS/BIOMES/COMMON/BUILDINGS/PARTS/BUILDABLEPARTS/FOLIAGE/SCRUBGRASS04.SCENE.MBIN
BASE_GRASS3,Flatblade Grass,exotic_decorations,Decorative Plants,SCRUBGRASS03.SCENE.MBIN,MODELS/PLANETS/BIOMES/COMMON/BUILDINGS/PARTS/BUILDABLEPARTS/FOLIAGE/SCRUBGRASS03.SCENE.MBIN
BASE_GRASS2,Short Spikegrass,exotic_decorations,Decorative Plants,SCRUBGRASS02.SCENE.MBIN,MODELS/PLANETS/BIOMES/COMMON/BUILDINGS/PARTS/BUILDABLEPARTS/FOLIAGE/SCRUBGRASS02.SCENE.MBIN
BASE_GRASS1,Tall Spikegrass,exotic_decorations,Decorative Plants,SCRUBGRASS01.SCENE.MBIN,MODELS/PLANETS/BIOMES/COMMON/BUILDINGS/PARTS/BUILDABLEPARTS/FOLIAGE/SCRUBGRASS01.SCENE.MBIN
BASE_CAVE1,Saucer Fungus,exotic_decorations,Decorative Plants,MEDIUMWALLSHROOM.SCENE.MBIN,MODELS/PLANETS/BIOMES/COMMON/BUILDINGS/PARTS/BUILDABLEPARTS/FOLIAGE/MEDIUMWALLSHROOM.SCENE.MBIN
BASE_CAVE4,Veined Flat Caps,exotic_decorations,Decorative Plants,LARGEFUNGHI.SCENE.MBIN,MODELS/PLANETS/BIOMES/COMMON/BUILDINGS/PARTS/BUILDABLEPARTS/FOLIAGE/LARGEFUNGHI.SCENE.MBIN
BASE_CAVE2,Cave Creeper,exotic_decorations,Decorative Plants,CEILINGPLANT.SCENE.MBIN,MODELS/PLANETS/BIOMES/COMMON/BUILDINGS/PARTS/BUILDABLEPARTS/FOLIAGE/CEILINGPLANT.SCENE.MBIN
FRE_ROOM_PLANT1,Cultivation Chamber,freighter,Agriculture Room Modules,FLOOR1.SCENE.MBIN,MODELS/PLANETS/BIOMES/COMMON/BUILDINGS/PARTS/BUILDABLEPARTS/FREIGHTERBASE/ROOMS/PLANTROOM/PARTS/FLOOR1.SCENE.MBIN
FRE_ROOM_PLANT0,Double Cultivation Chamber,freighter,Agriculture Room Modules,FLOOR0.SCENE.MBIN,MODELS/PLANETS/BIOMES/COMMON/BUILDINGS/PARTS/BUILDABLEPARTS/FREIGHTERBASE/ROOMS/PLANTROOM/PARTS/FLOOR0.SCENE.MBIN
FRE_ROOM_NPCFAR,Agricultual Specialist's Room,freighter,Agriculture Room Modules,FLOOR0.SCENE.MBIN,MODELS/PLANETS/BIOMES/COMMON/BUILDINGS/PARTS/BUILDABLEPARTS/FREIGHTERBASE/ROOMS/NPCFARROOM/PARTS/FLOOR0.SCENE.MBIN
FRE_ROOM_COOK,Nutrition Room,freighter,Agriculture Room Modules,FLOOR0.SCENE.MBIN,MODELS/PLANETS/BIOMES/COMMON/BUILDINGS/PARTS/BUILDABLEPARTS/FREIGHTERBASE/ROOMS/COOKROOM/PARTS/FLOOR0.SCENE.MBIN
FRE_ROOM_BIO,Biological Room (Expansion),freighter,Agriculture Room Modules,FLOOR0.SCENE.MBIN,MODELS/PLANETS/BIOMES/COMMON/BUILDINGS/PARTS/BUILDABLEPARTS/FREIGHTERBASE/ROOMS/BIOROOM/PARTS/FLOOR0.SCENE.MBIN
FRE_EXT_W_STA,Freighter Exterior Stairs,freighter,Core Freighter Modules,STAIRS.SCENE.MBIN,MODELS/PLANETS/BIOMES/COMMON/BUILDINGS/PARTS/BUILDABLEPARTS/FREIGHTERBASE/WALKWAY/STAIRS/PARTS/STAIRS.SCENE.MBIN
FRE_EXT_PLATFOR (T shape),Exterior Platform,freighter,Core Freighter Modules,TSHAPE0.SCENE.MBIN,MODELS/PLANETS/BIOMES/COMMON/BUILDINGS/PARTS/BUILDABLEPARTS/FREIGHTERBASE/WALKWAY/A/PARTS/TSHAPE0.SCENE.MBIN
FRE_EXT_WALKWAY,Exterior Catwalk,freighter,Core Freighter Modules,STRAIGHTSHAPE0.SCENE.MBIN,MODELS/PLANETS/BIOMES/COMMON/BUILDINGS/PARTS/BUILDABLEPARTS/FREIGHTERBASE/WALKWAY/A/PARTS/STRAIGHTSHAPE0.SCENE.MBIN
FRE_EXT_PLATFOR (X shape),Exterior Platform (X shape),freighter,Core Freighter Modules,MIDDLE_XSHAPE.SCENE.MBIN,MODELS/PLANETS/BIOMES/COMMON/BUILDINGS/PARTS/BUILDABLEPARTS/FREIGHTERBASE/WALKWAY/A/PARTS/MIDDLE_XSHAPE.SCENE.MBIN
FRE_EXT_PLATFOR (L shape),Exterior Platform (L Shape),freighter,Core Freighter Modules,LSHAPE0.SCENE.MBIN,MODELS/PLANETS/BIOMES/COMMON/BUILDINGS/PARTS/BUILDABLEPARTS/FREIGHTERBASE/WALKWAY/A/PARTS/LSHAPE0.SCENE.MBIN
FRE_EXT_PLATFOR (End Cap shape),Exterior Platform (End Cap shape),freighter,Core Freighter Modules,CAP0.SCENE.MBIN,MODELS/PLANETS/BIOMES/COMMON/BUILDINGS/PARTS/BUILDABLEPARTS/FREIGHTERBASE/WALKWAY/A/PARTS/CAP0.SCENE.MBIN
FRE_FACE_WALL,Internal Freighter Wall,freighter,Core Freighter Modules,??,
FRE_FACE_WINDOW,Reinforced Window,freighter,Core Freighter Modules,??,
FRE_ROOM_LADDER,Ladder Module,freighter,Core Freighter Modules,LADDER.SCENE.MBIN,MODELS/PLANETS/BIOMES/COMMON/BUILDINGS/PARTS/BUILDABLEPARTS/FREIGHTERBASE/ROOMS/LADDERROOM/PARTS/LADDER.SCENE.MBIN
FRE_FACE_DOOR_A,Bulkhead Door,freighter,Core Freighter Modules,EXTERIORDOOR.SCENE.MBIN,MODELS/PLANETS/BIOMES/COMMON/BUILDINGS/PARTS/BUILDABLEPARTS/FREIGHTERBASE/FACE/DOOR/A/PARTS/EXTERIORDOOR.SCENE.MBIN
FRE_CORR_G_STA,Freighter Glass Stairs,freighter,Core Freighter Modules,STAIRS.SCENE.MBIN,MODELS/PLANETS/BIOMES/COMMON/BUILDINGS/PARTS/BUILDABLEPARTS/FREIGHTERBASE/CORRIDOR/STAIRS_G/PARTS/STAIRS.SCENE.MBIN
FRE_CORR_STA,Freighter Stairs,freighter,Core Freighter Modules,STAIRS.SCENE.MBIN,MODELS/PLANETS/BIOMES/COMMON/BUILDINGS/PARTS/BUILDABLEPARTS/FREIGHTERBASE/CORRIDOR/STAIRS/PARTS/STAIRS.SCENE.MBIN
FRE_CORR_A_GLAS,Freighter Glass Corridor,freighter,Core Freighter Modules,STRAIGHTSHAPE0.SCENE.MBIN,MODELS/PLANETS/BIOMES/COMMON/BUILDINGS/PARTS/BUILDABLEPARTS/FREIGHTERBASE/CORRIDOR/A_GLASS/PARTS/STRAIGHTSHAPE0.SCENE.MBIN
FRE_CORR_A,Freighter Corridor (straight),freighter,Core Freighter Modules,STRAIGHTSHAPE0.SCENE.MBIN,MODELS/PLANETS/BIOMES/COMMON/BUILDINGS/PARTS/BUILDABLEPARTS/FREIGHTERBASE/CORRIDOR/A/PARTS/STRAIGHTSHAPE0.SCENE.MBIN
FRE_ROOM_VEHICL,Orbital Excocraft Materializer,freighter,Industrial Rooms,FLOOR0.SCENE.MBIN,MODELS/PLANETS/BIOMES/COMMON/BUILDINGS/PARTS/BUILDABLEPARTS/FREIGHTERBASE/ROOMS/VEHICLEROOM/PARTS/FLOOR0.SCENE.MBIN
FRE_ROOM_STORE0,Storage Room 0,freighter,Industrial Rooms,FLOOR0.SCENE.MBIN,MODELS/PLANETS/BIOMES/COMMON/BUILDINGS/PARTS/BUILDABLEPARTS/FREIGHTERBASE/ROOMS/STORAGEROOM/PARTS/FLOOR0.SCENE.MBIN
FRE_ROOM_STORE1,Storage Room 1,freighter,Industrial Rooms,FLOOR0.SCENE.MBIN,MODELS/PLANETS/BIOMES/COMMON/BUILDINGS/PARTS/BUILDABLEPARTS/FREIGHTERBASE/ROOMS/STORAGEROOM/PARTS/FLOOR0.SCENE.MBIN
FRE_ROOM_STORE2,Storage Room 2,freighter,Industrial Rooms,FLOOR0.SCENE.MBIN,MODELS/PLANETS/BIOMES/COMMON/BUILDINGS/PARTS/BUILDABLEPARTS/FREIGHTERBASE/ROOMS/STORAGEROOM/PARTS/FLOOR0.SCENE.MBIN
FRE_ROOM_STORE3,Storage Room 3,freighter,Industrial Rooms,FLOOR0.SCENE.MBIN,MODELS/PLANETS/BIOMES/COMMON/BUILDINGS/PARTS/BUILDABLEPARTS/FREIGHTERBASE/ROOMS/STORAGEROOM/PARTS/FLOOR0.SCENE.MBIN
FRE_ROOM_STORE4,Storage Room 4,freighter,Industrial Rooms,FLOOR0.SCENE.MBIN,MODELS/PLANETS/BIOMES/COMMON/BUILDINGS/PARTS/BUILDABLEPARTS/FREIGHTERBASE/ROOMS/STORAGEROOM/PARTS/FLOOR0.SCENE.MBIN
FRE_ROOM_STORE5,Storage Room 5,freighter,Industrial Rooms,FLOOR0.SCENE.MBIN,MODELS/PLANETS/BIOMES/COMMON/BUILDINGS/PARTS/BUILDABLEPARTS/FREIGHTERBASE/ROOMS/STORAGEROOM/PARTS/FLOOR0.SCENE.MBIN
FRE_ROOM_STORE6,Storage Room 6,freighter,Industrial Rooms,FLOOR0.SCENE.MBIN,MODELS/PLANETS/BIOMES/COMMON/BUILDINGS/PARTS/BUILDABLEPARTS/FREIGHTERBASE/ROOMS/STORAGEROOM/PARTS/FLOOR0.SCENE.MBIN
FRE_ROOM_STORE7,Storage Room 7,freighter,Industrial Rooms,FLOOR0.SCENE.MBIN,MODELS/PLANETS/BIOMES/COMMON/BUILDINGS/PARTS/BUILDABLEPARTS/FREIGHTERBASE/ROOMS/STORAGEROOM/PARTS/FLOOR0.SCENE.MBIN
FRE_ROOM_STORE8,Storage Room 8,freighter,Industrial Rooms,FLOOR0.SCENE.MBIN,MODELS/PLANETS/BIOMES/COMMON/BUILDINGS/PARTS/BUILDABLEPARTS/FREIGHTERBASE/ROOMS/STORAGEROOM/PARTS/FLOOR0.SCENE.MBIN
FRE_ROOM_STORE9,Storage Room 9,freighter,Industrial Rooms,FLOOR0.SCENE.MBIN,MODELS/PLANETS/BIOMES/COMMON/BUILDINGS/PARTS/BUILDABLEPARTS/FREIGHTERBASE/ROOMS/STORAGEROOM/PARTS/FLOOR0.SCENE.MBIN
FRE_ROOM_REFINE,Refiner Room,freighter,Industrial Rooms,FLOOR0.SCENE.MBIN,MODELS/PLANETS/BIOMES/COMMON/BUILDINGS/PARTS/BUILDABLEPARTS/FREIGHTERBASE/ROOMS/REFINERROOM/PARTS/FLOOR0.SCENE.MBIN
FRE_ROOM_NPCWEA,Weapons Terminal Room,freighter,Industrial Rooms,FLOOR0.SCENE.MBIN,MODELS/PLANETS/BIOMES/COMMON/BUILDINGS/PARTS/BUILDABLEPARTS/FREIGHTERBASE/ROOMS/NPCWEAROOM/PARTS/FLOOR0.SCENE.MBIN
FRE_ROOM_NPCVEH,Exocraft Specialist's Room,freighter,Industrial Rooms,FLOOR0.SCENE.MBIN,MODELS/PLANETS/BIOMES/COMMON/BUILDINGS/PARTS/BUILDABLEPARTS/FREIGHTERBASE/ROOMS/NPCVEHROOM/PARTS/FLOOR0.SCENE.MBIN
FRE_ROOM_IND,Industrial Room (Expansion),freighter,Industrial Rooms,FLOOR0.SCENE.MBIN,MODELS/PLANETS/BIOMES/COMMON/BUILDINGS/PARTS/BUILDABLEPARTS/FREIGHTERBASE/ROOMS/INDUSTROOM/PARTS/FLOOR0.SCENE.MBIN
FRE_ROOM_EXTR,Stellar Extractor Room,freighter,Industrial Rooms,FLOOR0.SCENE.MBIN,MODELS/PLANETS/BIOMES/COMMON/BUILDINGS/PARTS/BUILDABLEPARTS/FREIGHTERBASE/ROOMS/EXTRROOM/PARTS/FLOOR0.SCENE.MBIN
FRE_ROOM_TELEPO,Teleport Chamber,freighter,High-Tech Room Modules,FLOOR0.SCENE.MBIN,MODELS/PLANETS/BIOMES/COMMON/BUILDINGS/PARTS/BUILDABLEPARTS/FREIGHTERBASE/ROOMS/TELEPOROOM/PARTS/FLOOR0.SCENE.MBIN
FRE_ROOM_TECH,Technology Room (Expansion),freighter,High-Tech Room Modules,FLOOR0.SCENE.MBIN,MODELS/PLANETS/BIOMES/COMMON/BUILDINGS/PARTS/BUILDABLEPARTS/FREIGHTERBASE/ROOMS/TECHROOM/PARTS/FLOOR0.SCENE.MBIN
FRE_ROOM_SHOP,Galactic Trade Room,freighter,High-Tech Room Modules,FLOOR0.SCENE.MBIN,MODELS/PLANETS/BIOMES/COMMON/BUILDINGS/PARTS/BUILDABLEPARTS/FREIGHTERBASE/ROOMS/SHOPROOM/PARTS/FLOOR0.SCENE.MBIN
FRE_ROOM_SCAN,Scanner Room,freighter,High-Tech Room Modules,FLOOR0.SCENE.MBIN,MODELS/PLANETS/BIOMES/COMMON/BUILDINGS/PARTS/BUILDABLEPARTS/FREIGHTERBASE/ROOMS/SCANROOM/PARTS/FLOOR0.SCENE.MBIN
FRE_ROOM_ROCLOC,Storage Shuttle Room,freighter,High-Tech Room Modules,FLOOR0.SCENE.MBIN,MODELS/PLANETS/BIOMES/COMMON/BUILDINGS/PARTS/BUILDABLEPARTS/FREIGHTERBASE/ROOMS/ROCKETLOCKER/PARTS/FLOOR0.SCENE.MBIN
FRE_ROOM_NPCSCI,Science Specialist's Room,freighter,High-Tech Room Modules,FLOOR0.SCENE.MBIN,MODELS/PLANETS/BIOMES/COMMON/BUILDINGS/PARTS/BUILDABLEPARTS/FREIGHTERBASE/ROOMS/NPCSCIROOM/PARTS/FLOOR0.SCENE.MBIN
FRE_ROOM_FLEET,Fleet Command Room,freighter,High-Tech Room Modules,FLOOR0.SCENE.MBIN,MODELS/PLANETS/BIOMES/COMMON/BUILDINGS/PARTS/BUILDABLEPARTS/FREIGHTERBASE/ROOMS/FLEETROOM/PARTS/FLOOR0.SCENE.MBIN
FRE_ROOM_DRESS,Appearance Modifier Room,freighter,High-Tech Room Modules,FLOOR0.SCENE.MBIN,MODELS\PLANETS\BIOMES\COMMON\BUILDINGS\PARTS\BUILDABLEPARTS\FREIGHTERBASE\ROOMS\DRESSROOM\PARTS\FLOOR0.SCENE.MBIN
FRE_ROOM_NPCBUI,Construction Specialist's Room,freighter,High-Tech Room Modules,FLOOR0.SCENE.MBIN,MODELS/PLANETS/BIOMES/COMMON/BUILDINGS/PARTS/BUILDABLEPARTS/FREIGHTERBASE/ROOMS/NPCBUIROOM/PARTS/FLOOR0.SCENE.MBIN
BLD_MINI_BIOFRI,Organic Frigate Calf,furnishings,Decorative Technology,TOY_LIVINGFRIGATE.SCENE.MBIN,MODELS/PLANETS/BIOMES/COMMON/BUILDINGS/PARTS/BUILDABLEPARTS/DECORATION/TOY_LIVINGFRIGATE.SCENE.MBIN
EXPD_CUBE_06,Wayward Cube,furnishings,Decorative Technology,TOY_FLOATINGCUBE.SCENE.MBIN,MODELS/PLANETS/BIOMES/COMMON/BUILDINGS/PARTS/BUILDABLEPARTS/DECORATION/TOY_FLOATINGCUBE.SCENE.MBIN
BLD_MAPTUBE,Navigation Archive,furnishings,Decorative Technology,MAPTUBE.SCENE.MBIN,MODELS/PLANETS/BIOMES/COMMON/BUILDINGS/PARTS/BUILDABLEPARTS/DECORATION/MAPTUBE.SCENE.MBIN
BLD_DATASIGN,Data Display Unit,furnishings,Decorative Technology,DATASIGN.SCENE.MBIN,MODELS/PLANETS/BIOMES/COMMON/BUILDINGS/PARTS/BUILDABLEPARTS/DECORATION/DATASIGN.SCENE.MBIN
BLD_FIREPIT,Flaming Barrel,furnishings,Decorative Technology,BURNINGBARREL.SCENE.MBIN,MODELS/PLANETS/BIOMES/COMMON/BUILDINGS/PARTS/BUILDABLEPARTS/DECORATION/BURNINGBARREL.SCENE.MBIN
BUILDCHAIR4,Classic Chair,furnishings,Interior Decoration,CHAIR4.SCENE.MBIN,MODELS/PLANETS/BIOMES/COMMON/BUILDINGS/PARTS/BUILDABLEPARTS/DECORATION/CHAIR4.SCENE.MBIN
PLANTPOT4,Illuminated Pot,furnishings,Interior Decoration,PLANTPOT_4.SCENE.MBIN,MODELS/PLANETS/BIOMES/COMMON/BUILDINGS/PARTS/BUILDABLEPARTS/DECORATION/PLANTPOT_4.SCENE.MBIN
DECAL_WORM_P5,Worm Hunt V Decal,wall_art,Decals,WORM_P5.SCENE.MBIN,MODELS/PLANETS/BIOMES/COMMON/BUILDINGS/PARTS/BUILDABLEPARTS/DECORATION/DECALDECORATION/WORM_P5.SCENE.MBIN
DECAL_WORM_P4,Worm Hunt IV Decal,wall_art,Decals,WORM_P4.SCENE.MBIN,MODELS/PLANETS/BIOMES/COMMON/BUILDINGS/PARTS/BUILDABLEPARTS/DECORATION/DECALDECORATION/WORM_P4.SCENE.MBIN
DECAL_WORM_P3,Worm Hunt III Decal,wall_art,Decals,WORM_P3.SCENE.MBIN,MODELS/PLANETS/BIOMES/COMMON/BUILDINGS/PARTS/BUILDABLEPARTS/DECORATION/DECALDECORATION/WORM_P3.SCENE.MBIN
DECAL_WORM_P2,Worm Hunt II Decal,wall_art,Decals,WORM_P2.SCENE.MBIN,MODELS/PLANETS/BIOMES/COMMON/BUILDINGS/PARTS/BUILDABLEPARTS/DECORATION/DECALDECORATION/WORM_P2.SCENE.MBIN
DECAL_WORM_P1,Worm Hunt I Decal,wall_art,Decals,WORM_P1.SCENE.MBIN,MODELS/PLANETS/BIOMES/COMMON/BUILDINGS/PARTS/BUILDABLEPARTS/DECORATION/DECALDECORATION/WORM_P1.SCENE.MBIN
DECAL_SKULL,Warning Decal,wall_art,Decals,HALLOWEEN_SKULL.SCENE.MBIN,MODELS/PLANETS/BIOMES/COMMON/BUILDINGS/PARTS/BUILDABLEPARTS/DECORATION/DECALDECORATION/HALLOWEEN_SKULL.SCENE.MBIN
DECAL_JELLY,Tenacled Decal,wall_art,Decals,HALLOWEEN_JELLY.SCENE.MBIN,MODELS/PLANETS/BIOMES/COMMON/BUILDINGS/PARTS/BUILDABLEPARTS/DECORATION/DECALDECORATION/HALLOWEEN_JELLY.SCENE.MBIN
DECAL_HORROR,Horrific Decal,wall_art,Decals,HALLOWEEN_HORROR.SCENE.MBIN,MODELS/PLANETS/BIOMES/COMMON/BUILDINGS/PARTS/BUILDABLEPARTS/DECORATION/DECALDECORATION/HALLOWEEN_HORROR.SCENE.MBIN
DECAL_HAZARD,Hazard Decal,wall_art,Decals,HALLOWEEN_HAZARD.SCENE.MBIN,MODELS/PLANETS/BIOMES/COMMON/BUILDINGS/PARTS/BUILDABLEPARTS/DECORATION/DECALDECORATION/HALLOWEEN_HAZARD.SCENE.MBIN
EXPD_DECAL08,Polestar Expedition Decal,wall_art,Decals,EXPEDITION_08.SCENE.MBIN,MODELS/PLANETS/BIOMES/COMMON/BUILDINGS/PARTS/BUILDABLEPARTS/DECORATION/DECALDECORATION/EXPEDITION_08.SCENE.MBIN
EXPD_DECAL07,Leviathon Expedition Decal,wall_art,Decals,EXPEDITION_07.SCENE.MBIN,MODELS/PLANETS/BIOMES/COMMON/BUILDINGS/PARTS/BUILDABLEPARTS/DECORATION/DECALDECORATION/EXPEDITION_07.SCENE.MBIN
EXPD_DECAL06,Blighted Expedition Decal,wall_art,Decals,EXPEDITION_06A.SCENE.MBIN,MODELS/PLANETS/BIOMES/COMMON/BUILDINGS/PARTS/BUILDABLEPARTS/DECORATION/DECALDECORATION/EXPEDITION_06A.SCENE.MBIN
EXPD_DECAL05,Exobiology Expedition Decal,wall_art,Decals,EXPEDITION_05.SCENE.MBIN,MODELS/PLANETS/BIOMES/COMMON/BUILDINGS/PARTS/BUILDABLEPARTS/DECORATION/DECALDECORATION/EXPEDITION_05.SCENE.MBIN
EXPD_DECAL04,Emergence Expedition Decal,wall_art,Decals,EXPEDITION_04.SCENE.MBIN,MODELS/PLANETS/BIOMES/COMMON/BUILDINGS/PARTS/BUILDABLEPARTS/DECORATION/DECALDECORATION/EXPEDITION_04.SCENE.MBIN
S_POSTER17,Atlas Cake Poster,wall_art,Posters,POSTER17.SCENE.MBIN,MODELS/PLANETS/BIOMES/COMMON/BUILDINGS/PARTS/BUILDABLEPARTS/DECORATION/BAZAAR/POSTER17.SCENE.MBIN
S_POSTER18,Counterfeit Pass Poster,wall_art,Posters,POSTER18.SCENE.MBIN,MODELS/PLANETS/BIOMES/COMMON/BUILDINGS/PARTS/BUILDABLEPARTS/DECORATION/BAZAAR/POSTER18.SCENE.MBIN
S_POSTER19,Friend-Entity Poster,wall_art,Posters,POSTER19.SCENE.MBIN,MODELS/PLANETS/BIOMES/COMMON/BUILDINGS/PARTS/BUILDABLEPARTS/DECORATION/BAZAAR/POSTER19.SCENE.MBIN
S_POSTER20,Cosmic Flight Poster,wall_art,Posters,POSTER20.SCENE.MBIN,MODELS/PLANETS/BIOMES/COMMON/BUILDINGS/PARTS/BUILDABLEPARTS/DECORATION/BAZAAR/POSTER20.SCENE.MBIN
S_POSTER21,Orbital Poster,wall_art,Posters,POSTER21.SCENE.MBIN,MODELS/PLANETS/BIOMES/COMMON/BUILDINGS/PARTS/BUILDABLEPARTS/DECORATION/BAZAAR/POSTER21.SCENE.MBIN
S_POSTER22,Ship Catalogue Poster,wall_art,Posters,POSTER22.SCENE.MBIN,MODELS/PLANETS/BIOMES/COMMON/BUILDINGS/PARTS/BUILDABLEPARTS/DECORATION/BAZAAR/POSTER22.SCENE.MBIN
S_POSTER23,Departure Poster,wall_art,Posters,POSTER23.SCENE.MBIN,MODELS/PLANETS/BIOMES/COMMON/BUILDINGS/PARTS/BUILDABLEPARTS/DECORATION/BAZAAR/POSTER23.SCENE.MBIN
S_POSTER24,Diplomacy Poster,wall_art,Posters,POSTER24.SCENE.MBIN,MODELS/PLANETS/BIOMES/COMMON/BUILDINGS/PARTS/BUILDABLEPARTS/DECORATION/BAZAAR/POSTER24.SCENE.MBIN
S_POSTER25,ByteBeat Poster,wall_art,Posters,POSTER25.SCENE.MBIN,MODELS/PLANETS/BIOMES/COMMON/BUILDINGS/PARTS/BUILDABLEPARTS/DECORATION/BAZAAR/POSTER25.SCENE.MBIN
EXPD_POSTER05A,Solstice Poster,wall_art,Posters,EXPEDITION_05A.SCENE.MBIN,MODELS/PLANETS/BIOMES/COMMON/BUILDINGS/PARTS/BUILDABLEPARTS/DECORATION/DECALDECORATION/EXPEDITION_05A.SCENE.MBIN
EXPD_POSTER05B,Abyssal Poster,wall_art,Posters,EXPEDITION_05B.SCENE.MBIN,MODELS/PLANETS/BIOMES/COMMON/BUILDINGS/PARTS/BUILDABLEPARTS/DECORATION/DECALDECORATION/EXPEDITION_05B.SCENE.MBIN
EXPD_POSTER05C,Territories Poster,wall_art,Posters,EXPEDITION_05C.SCENE.MBIN,MODELS/PLANETS/BIOMES/COMMON/BUILDINGS/PARTS/BUILDABLEPARTS/DECORATION/DECALDECORATION/EXPEDITION_05C.SCENE.MBIN
EXPD_POSTER06A,Dread Captain Fahng Poster,wall_art,Posters,POSTER06A.SCENE.MBIN,MODELS/PLANETS/BIOMES/COMMON/BUILDINGS/PARTS/BUILDABLEPARTS/DECORATION/BAZAAR/POSTER06A.SCENE.MBIN
EXPD_POSTER06B,Outlaw Poster,wall_art,Posters,POSTER06B.SCENE.MBIN,MODELS/PLANETS/BIOMES/COMMON/BUILDINGS/PARTS/BUILDABLEPARTS/DECORATION/BAZAAR/POSTER06B.SCENE.MBIN
EXPD_POSTER06C,Resbur XIII Poster,wall_art,Posters,POSTER06C.SCENE.MBIN,MODELS/PLANETS/BIOMES/COMMON/BUILDINGS/PARTS/BUILDABLEPARTS/DECORATION/BAZAAR/POSTER06C.SCENE.MBIN
EXPD_POSTER07A,Leviathon Poster,wall_art,Posters,POSTER07A.SCENE.MBIN,MODELS/PLANETS/BIOMES/COMMON/BUILDINGS/PARTS/BUILDABLEPARTS/DECORATION/BAZAAR/POSTER07A.SCENE.MBIN
EXPD_POSTER07B,The Loop Poster,wall_art,Posters,POSTER07B.SCENE.MBIN,MODELS/PLANETS/BIOMES/COMMON/BUILDINGS/PARTS/BUILDABLEPARTS/DECORATION/BAZAAR/POSTER07B.SCENE.MBIN
EXPD_POSTER07C,Timesplice Poster,wall_art,Posters,POSTER07C.SCENE.MBIN,MODELS/PLANETS/BIOMES/COMMON/BUILDINGS/PARTS/BUILDABLEPARTS/DECORATION/BAZAAR/POSTER07C.SCENE.MBIN
EXPD_POSTER08A,Pilgrim Poster,wall_art,Posters,POSTER08A.SCENE.MBIN,MODELS/PLANETS/BIOMES/COMMON/BUILDINGS/PARTS/BUILDABLEPARTS/DECORATION/BAZAAR/POSTER08A.SCENE.MBIN
EXPD_POSTER08B,Polestar Poster,wall_art,Posters,POSTER08B.SCENE.MBIN,MODELS/PLANETS/BIOMES/COMMON/BUILDINGS/PARTS/BUILDABLEPARTS/DECORATION/BAZAAR/POSTER08B.SCENE.MBIN
EXPD_POSTER08C,Heavy Shipping Poster,wall_art,Posters,POSTER08C.SCENE.MBIN,MODELS/PLANETS/BIOMES/COMMON/BUILDINGS/PARTS/BUILDABLEPARTS/DECORATION/BAZAAR/POSTER08C.SCENE.MBIN
BASE_BUBPIPE_L,L-Shaped Bubble Duct,decoration,Structural Adornments,PIPESNAPSHAPEBUBBLEL.SCENE.MBIN,MODELS/PLANETS/BIOMES/COMMON/BUILDINGS/PARTS/BUILDABLEPARTS/PIPESNAPSHAPEBUBBLEL.SCENE.MBIN
BASE_BUBPIPE_S,Bubble Duct,decoration,Structural Adornments,PIPESNAPSHAPEBUBBLES.SCENE.MBIN,MODELS/PLANETS/BIOMES/COMMON/BUILDINGS/PARTS/BUILDABLEPARTS/PIPESNAPSHAPEBUBBLE.SCENE.MBIN
BASE_BUBPIPE_T,T-Shapes Bubble Duct,decoration,Structural Adornments,PIPESNAPSHAPEBUBBLET.SCENE.MBIN,MODELS/PLANETS/BIOMES/COMMON/BUILDINGS/PARTS/BUILDABLEPARTS/PIPESNAPSHAPEBUBBLET.SCENE.MBIN
BASE_BUBPIPE_X,X-Shaped Bubble Duct,decoration,Structural Adornments,PIPESNAPSHAPEBUBBLEX.SCENE.MBIN,MODELS/PLANETS/BIOMES/COMMON/BUILDINGS/PARTS/BUILDABLEPARTS/PIPESNAPSHAPEBUBBLEX.SCENE.MBIN
BLD_CRYS_DRONE,,decoration,Structural Adornments,SENTINELCRYSTALLDRONE.SCENE.MBIN,MODELS/PLANETS/BIOMES/COMMON/BUILDINGS/PARTS/BUILDABLEPARTS/DECORATION/SENTINELCRYSTALLDRONE.SCENE.MBIN
BLD_CRYS_SENT0,,decoration,Structural Adornments,SENTINELCRYSTALL0.SCENE.MBIN,MODELS/PLANETS/BIOMES/COMMON/BUILDINGS/PARTS/BUILDABLEPARTS/DECORATION/SENTINELCRYSTALL0.SCENE.MBIN
BLD_CRYS_SENT1,,decoration,Structural Adornments,SENTINELCRYSTALL1.SCENE.MBIN,MODELS/PLANETS/BIOMES/COMMON/BUILDINGS/PARTS/BUILDABLEPARTS/DECORATION/SENTINELCRYSTALL1.SCENE.MBIN
CORRIDOR_S,,freighter,Core Freighter Modules,CORRIDOR_STRAIGHT.SCENE.MBIN,MODELS/PLANETS/BIOMES/COMMON/BUILDINGS/PARTS/BUILDABLEPARTS/SPACEBASE/MESHES/CORRIDOR_STRAIGHT.SCENE.MBIN
CORRIDOR_WINDOW,,freighter,Core Freighter Modules,CORRIDOR_STRAIGHT.SCENE.MBIN,MODELS/PLANETS/BIOMES/COMMON/BUILDINGS/PARTS/BUILDABLEPARTS/SPACEBASE/MESHES/CORRIDOR_STRAIGHT.SCENE.MBIN
CREATHOLOGRAM,,furnishings,Decorative Technology,HOLOGRAMGEK.SCENE.MBIN,MODELS/PLANETS/BIOMES/COMMON/BUILDINGS/PARTS/BUILDABLEPARTS/DECORATION/HOLOGRAMGEK.SCENE.MBIN
CUBEWALL_SPACE,,freighter,Core Freighter Modules,CUBEROOM_WALLSIDE.SCENE.MBIN,MODELS/PLANETS/BIOMES/COMMON/BUILDINGS/PARTS/BUILDABLEPARTS/SPACEBASE/MESHES/CUBEROOM_WALLSIDE.SCENE.MBIN
C_GDOOR_D,,,,,
C_SDOOR,,,,,
FOUNDLEG,,large_structures,Rooms and Foundations,FOUNDATIONLEG.SCENE.MBIN,MODELS/PLANETS/BIOMES/COMMON/BUILDINGS/PARTS/BUILDABLEPARTS/FOUNDATIONLEG.SCENE.MBIN
FOUNDLEG4,,large_structures,Rooms and Foundations,FOUNDATIONLEG.SCENE.MBIN,MODELS/PLANETS/BIOMES/COMMON/BUILDINGS/PARTS/BUILDABLEPARTS/FOUNDATIONLEG.SCENE.MBIN
FRE_CORR_A_L,,freighter,Core Freighter Modules,LSHAPE0.SCENE.MBIN,MODELS/PLANETS/BIOMES/COMMON/BUILDINGS/PARTS/BUILDABLEPARTS/FREIGHTERBASE/CORRIDOR/A/PARTS/LSHAPE0.SCENE.MBIN
FRE_CORR_A_STR,,freighter,Core Freighter Modules,STRAIGHTSHAPE0.SCENE.MBIN,MODELS/PLANETS/BIOMES/COMMON/BUILDINGS/PARTS/BUILDABLEPARTS/FREIGHTERBASE/CORRIDOR/A/PARTS/STRAIGHTSHAPE0.SCENE.MBIN
FRE_CORR_A_T,,freighter,Core Freighter Modules,TSHAPE0.SCENE.MBIN,MODELS/PLANETS/BIOMES/COMMON/BUILDINGS/PARTS/BUILDABLEPARTS/FREIGHTERBASE/CORRIDOR/A/PARTS/TSHAPE0.SCENE.MBIN
FRE_CORR_GLA_L,,freighter,Core Freighter Modules,LSHAPE0.SCENE.MBIN,MODELS/PLANETS/BIOMES/COMMON/BUILDINGS/PARTS/BUILDABLEPARTS/FREIGHTERBASE/CORRIDOR/A_GLASS/PARTS/LSHAPE0.SCENE.MBIN
FRE_CORR_GLA_ST,,freighter,Core Freighter Modules,STRAIGHTSHAPE0.SCENE.MBIN,MODELS/PLANETS/BIOMES/COMMON/BUILDINGS/PARTS/BUILDABLEPARTS/FREIGHTERBASE/CORRIDOR/A_GLASS/PARTS/STRAIGHTSHAPE0.SCENE.MBIN
FRE_CORR_GLA_T,,freighter,Core Freighter Modules,TSHAPE0.SCENE.MBIN,MODELS/PLANETS/BIOMES/COMMON/BUILDINGS/PARTS/BUILDABLEPARTS/FREIGHTERBASE/CORRIDOR/A_GLASS/PARTS/TSHAPE0.SCENE.MBIN
FRE_EXT_PLATFOR,,freighter,Core Freighter Modules,TSHAPE0.SCENE.MBIN,MODELS/PLANETS/BIOMES/COMMON/BUILDINGS/PARTS/BUILDABLEPARTS/FREIGHTERBASE/WALKWAY/A/PARTS/TSHAPE0.SCENE.MBIN
FRE_FACE_WALL,,freighter,Core Freighter Modules,FACE_WALL_A_PLACEMENT.SCENE.MBIN,MODELS/PLANETS/BIOMES/COMMON/BUILDINGS/PARTS/BUILDABLEPARTS/FREIGHTERBASE/FACE/WALL/FACE_WALL_A_PLACEMENT.SCENE.MBIN
FRE_FACE_WINDOW,,freighter,Core Freighter Modules,FACE_WINDOW_A_PLACEMENT.SCENE.MBIN,MODELS/PLANETS/BIOMES/COMMON/BUILDINGS/PARTS/BUILDABLEPARTS/FREIGHTERBASE/FACE/WINDOW/A/FACE_WINDOW_A_PLACEMENT.SCENE.MBIN
FRE_ROOM_IND1,,freighter,Core Freighter Modules,ROOM_INDUST1_PLACEMENT.SCENE.MBIN,MODELS/PLANETS/BIOMES/COMMON/BUILDINGS/PARTS/BUILDABLEPARTS/FREIGHTERBASE/ROOMS/INDUSTROOM/ROOM_INDUST1_PLACEMENT.SCENE.MBIN
MAINROOMCUBEF,,,,,
M_GDOOR_D,,,,,
M_SDOOR,,,,,
S_POSTER26,,wall_art,Posters,POSTER26.SCENE.MBIN,MODELS/PLANETS/BIOMES/COMMON/BUILDINGS/PARTS/BUILDABLEPARTS/DECORATION/BAZAAR/POSTER26.SCENE.MBIN
S_POSTER27,,wall_art,Posters,POSTER27.SCENE.MBIN,MODELS/PLANETS/BIOMES/COMMON/BUILDINGS/PARTS/BUILDABLEPARTS/DECORATION/BAZAAR/POSTER27.SCENE.MBIN
S_POSTER28,,wall_art,Posters,POSTER28.SCENE.MBIN,MODELS/PLANETS/BIOMES/COMMON/BUILDINGS/PARTS/BUILDABLEPARTS/DECORATION/BAZAAR/POSTER28.SCENE.MBIN
S_SIGN_BAR1,,furnishings,Decorative Technology,BARSIGN1.SCENE.MBIN,MODELS/PLANETS/BIOMES/COMMON/BUILDINGS/PARTS/BUILDABLEPARTS/DECORATION/BAZAAR/BARSIGN1.SCENE.MBIN
S_SIGN_BAR2,,furnishings,Decorative Technology,BARSIGN2.SCENE.MBIN,MODELS/PLANETS/BIOMES/COMMON/BUILDINGS/PARTS/BUILDABLEPARTS/DECORATION/BAZAAR/BARSIGN2.SCENE.MBIN
S_SIGN_BAR3,,furnishings,Decorative Technology,BARSIGN3.SCENE.MBIN,MODELS/PLANETS/BIOMES/COMMON/BUILDINGS/PARTS/BUILDABLEPARTS/DECORATION/BAZAAR/BARSIGN3.SCENE.MBIN
S_S_WALL,,,,,
W_GDOOR_D,,,,,
W_SDOOR,,,,,
BASE_FLOWER1,,exotic_decorations,Decorative Plants,,
BASE_FLOWER2,,exotic_decorations,Decorative Plants,,
BASE_FLOWER3,,exotic_decorations,Decorative Plants,,
BASE_WPLANT4,,exotic_decorations,Decorative Plants,,
BASE_WPLANT5,,exotic_decorations,Decorative Plants,,
BASE_WPLANT6,,exotic_decorations,Decorative Plants,,
BLD_HOLOGEK,,furnishings,Decorative Technology,,
EXPD_DECAL09,,wall_art,Decals,,
EXPD_DECAL10,,wall_art,Decals,,
EXPD_POSTER09A,,wall_art,Posters,,
EXPD_POSTER09B,,wall_art,Posters,,
EXPD_POSTER09C,,wall_art,Posters,,
EXPD_POSTER10A,,wall_art,Posters,,
EXPD_POSTER10B,,wall_art,Posters,,
EXPD_POSTER10C,,wall_art,Posters,,
BLD_BUI_HAND,Construct Digits,decoration,Construction Parts,,
BLD_BUI_HEAD,Construct Skull,decoration,Construction Parts,,
BLD_BUI_TENT,Ragged Tent,decoration,Construction Parts,,
HOLO_DISCO_0,Wonder Projector,advanced_technology,General Utility,HOLODISCO.SCENE.MBIN,MODELS/PLANETS/BIOMES/COMMON/BUILDINGS/PARTS/BUILDABLEPARTS/DECORATION/HOLODISCO.SCENE.MBIN
STATUE_ASTRO_I,Ice Astronaut Statue,exotic_decorations,Statues,,
STATUE_ATLAS_I,Ice Atlas Statue,exotic_decorations,Statues,,
STATUE_BLOB_I,Ice Blob Statue,exotic_decorations,Statues,,
STATUE_DIP_I,Ice Diplo Statue,exotic_decorations,Statues,,
STATUE_GEK_I,Ice Gek Statue,exotic_decorations,Statues,,
STATUE_SHIP_I,Ice Fighter Statue,exotic_decorations,Statues,,
STATUE_WALK_I,Ice Walker Statue,exotic_decorations,Statues,,
BLD_COVCRATE,Covered Crate,decoration,Construction Parts,,
BLD_COVSILOS,Covered Silos,decoration,Construction Parts,,
BLD_CRANE,Industrial Crane,decoration,Construction Parts,,
DECAL_BLUESYS,Blue System Decal,wall_art,Decals,,
DECAL_CREBEETLE,Coleopterology Decal,wall_art,Decals,,
DECAL_CREFLY,Fluttering Decal,wall_art,Decals,,
DECAL_CREPAWS,Pawprints Decal,wall_art,Decals,,
DECAL_FPLANET2,Awakenings Decal,wall_art,Decals,,
DECAL_PIRATESYS,Outlaw System Decal,wall_art,Decals,,
DECAL_SHIP1,Blue Flight Decal,wall_art,Decals,,
DECAL_SPOOKATL,Universal Heartbeat Decal,wall_art,Decals,,
DECAL_TOSTARS,To the Star Decal,wall_art,Decals,,
EXPD_DECAL11,Voyagers Decal,wall_art,Decals,,
EXPD_DECAL12,Omega Decal,wall_art,Decals,,
EXPD_POSTER11A,Navigators Poster,wall_art,Posters,,
EXPD_POSTER11B,Anomalous Wonder Poster,wall_art,Posters,,
EXPD_POSTER11C,Open Horizons Poster,wall_art,Posters,,
EXPD_POSTER12A,Remembrance Poster,wall_art,Posters,,
EXPD_POSTER12B,Interface Poster,wall_art,Posters,,
EXPD_POSTER12C,Starborn Poster,wall_art,Posters,,
SPEC_FIREWORK07,Red Titan Firework,deployable_technology,Fireworks,,
SPEC_FIREWORK08,Golden Titan Firework,deployable_technology,Fireworks,,
SPEC_FIREWORK09,Green Titan Firework,deployable_technology,Fireworks,,
